id,created_at,name,status,description,due_date,project_id,collaborators
1,2026-02-28 11:01:37.176302+00,crur vae depereo,in-progress,Dolorum eius temeritas quae cogo tersus accusator stips. Apud repellendus chirographum video temeritas sol claustrum collum aegre absque. Tenus canis terga.,2026-09-13,10,"[""1"",""3""]"
2,2026-02-28 11:01:37.176302+00,cauda vilicus alius,completed,Peior tametsi cribro explicabo animadverto. Vinitor advenio culpa deserunt torrens trucido amplitudo. Thorax uberrime sortitus sapiente.,2026-07-16,10,"[""1"",""3""]"
3,2026-02-28 11:01:37.176302+00,sequi clam benigne,completed,Audeo quidem urbs crustulum decumbo autus esse vilitas. Summopere auctor alo bardus turpis accusantium patria adamo umerus sopor. Carus tubineus sublime ut viriliter cornu ventus articulus territo.,2026-03-29,4,"[""1"",""2""]"
4,2026-02-28 11:01:37.176302+00,culpa callide solio,in-progress,Terminatio viduo conventus aegrus ea tollo nulla dedico. Crebro doloremque sui. Quod aranea vorago.,2026-12-20,2,"[""3""]"
5,2026-02-28 11:01:37.176302+00,sufficio adeptio vigor,in-progress,Adipiscor studio commemoro. Molestias talis termes appono vinco libero collum argentum admoneo. Vado spargo ait sollicito.,2026-07-19,9,"[""2"",""1"",""3""]"
6,2026-02-28 11:01:37.176302+00,tepidus aetas contra,in-progress,Utique calamitas vorago tactus. Voluptas advoco veniam cibo tepidus tunc corrumpo. Summa teres cruciamentum deputo caries ventus adhuc umquam ver.,2026-07-08,1,"[""1"",""3""]"
7,2026-02-28 11:01:37.176302+00,tendo talis sollicito,completed,Adaugeo desidero damno succurro. Statua benigne crinis video theologus curatio volo. Cena consectetur desino patior defleo adicio vox.,2026-04-01,6,"[""1"",""2""]"
8,2026-02-28 11:01:37.176302+00,vehemens adversus arguo,completed,Impedit consequuntur laborum est confero aer celo argentum cui pauci. Balbus argumentum sollers demitto caste corrigo commodo alioqui. Accusamus toties ad vae cuius uberrime succurro.,2027-02-01,4,"[""3""]"
9,2026-02-28 11:01:37.176302+00,blandior causa venio,in-progress,Debitis pecto crapula. Coaegresco validus vapulus adopto videlicet degusto tametsi alveus clam. Civis casso aestas alter demulceo villa carcer.,2027-01-05,1,"[""3""]"
10,2026-02-28 11:01:37.176302+00,arcus vehemens calamitas,in-progress,Timidus solum venio sto acquiro tergum caterva caries cui. Tersus delibero tabernus altus claudeo. Admiratio cogo depromo magni eum bellicus ea vulticulus sublime absum.,2026-11-23,6,"[""2"",""3"",""1""]"